,vsma10,vsma30,sma10,sma30,bb_up,ff2,ff3,PC1,PC2,50dtme,30wtme
0,0.3275759611574486,0.3853739634072196,0.0,0.0,0.0,0.5833333333333335,0.1071428571428571,-0.8508478402796988,-0.1338524627016368,0.8227938549481957,0.2995391705069123
1,0.4709807366643305,0.4679958393003335,0.0146488433301011,0.0061568141761539,0.0393276148299515,0.5833333333333335,0.1071428571428571,-0.8166357922889081,-0.1417129640853864,0.877813504823151,0.2995391705069123
2,0.5299589942557257,0.4792125728722692,0.0229948746363763,0.0106583146763206,0.044016214536343,0.5833333333333335,1.0,-0.6551086034255854,0.18659788288475163,0.877813504823151,0.2995391705069123
3,0.5548466819945974,0.4800914548430096,0.0333841252251004,0.015350354880198,0.0502595993766588,0.5833333333333335,1.0,-0.6381439121296844,0.18730738870518457,0.877813504823151,0.2995391705069123
4,0.545396045679649,0.4592004362073812,0.0416955256960798,0.0211737245748582,0.0572021057178702,0.5833333333333335,1.0,-0.6280813158930274,0.18533891156027385,0.8227938549481957,0.2995391705069123
5,0.542654164477661,0.457985995202648,0.0471671976728079,0.0259967608250368,0.060103799358359,0.5833333333333335,1.0,-0.6136890114767801,0.20528890954187964,0.9678456591639872,0.2995391705069123
6,0.541812412562031,0.4443175314008128,0.0522579304612827,0.0297718287048063,0.0572583840184118,0.5833333333333335,1.0,-0.606023886616935,0.20815446172759391,0.9678456591639872,0.2995391705069123
7,0.544290464882309,0.4129631895805919,0.0597728217204598,0.0328442814271423,0.0535088400774568,0.5833333333333335,1.0,-0.5957708254970369,0.21650104931826622,1.0000000000000002,0.2995391705069123
8,0.4926131740426061,0.3937579049033831,0.0665604654384263,0.0355237460105749,0.0387578845319793,0.5833333333333335,1.0,-0.5986423276096207,0.2309397589955466,0.922829581993569,0.268817204301075
9,0.4121002029237037,0.3456412953314504,0.0688461005679457,0.0381555756680798,0.0369030418911776,0.5833333333333335,1.0,-0.6012073954179791,0.20132760077457393,0.922829581993569,0.268817204301075
10,0.2936073547531427,0.339919171515782,0.0636514752735835,0.0392273615014528,0.0384456984266051,0.5833333333333335,1.0,-0.6157378384419538,0.19271941678966362,0.7827795641300463,0.268817204301075
11,0.1402398495409913,0.3246970287244729,0.054959135614351,0.0401562425570428,0.0176670404628847,0.5833333333333335,1.0,-0.6313488860271395,0.20465767807039656,0.7827795641300463,0.268817204301075
12,0.0786615761810999,0.3235563603636818,0.0509073278847485,0.0403467822607535,0.0226818425518006,1.0,0.5833333333333335,-0.7299031838636159,0.38578735614815063,0.4626652375848517,0.268817204301075
13,0.0392860086236832,0.296443267868664,0.0452971325668374,0.0410493974181869,0.019138709060028,1.0,0.5833333333333335,-0.7404867085507869,0.390019465865451,0.4626652375848517,0.268817204301075
14,0.0352106944083331,0.2809920619860603,0.0433924366255714,0.0438360405849568,0.0132159582239695,1.0,0.5833333333333335,-0.7457111753696037,0.381955848448467,0.382636655948553,0.268817204301075
15,0.0172833432885785,0.2545431169155058,0.0424920349078819,0.0474205687610155,0.0109590431579454,1.0,0.5833333333333335,-0.7479365278986799,0.38588049440372096,0.382636655948553,0.268817204301075
16,0.0103957254618089,0.2300074198627714,0.0428037124255437,0.0519220692611822,0.011334676210344,1.0,0.5833333333333335,-0.7477267805458369,0.38912983150944724,0.382636655948553,0.268817204301075
17,0.0,0.2201011672729836,0.0404488156254329,0.0566141094650598,0.0057019074683856,1.0,0.5833333333333335,-0.7496509318163251,0.3911701519455443,0.382636655948553,0.268817204301075
18,0.0028166412235944,0.217060224036483,0.0424227732372905,0.0619730386319249,0.0119089815852139,1.0,0.5833333333333335,-0.7447975872475956,0.3922994287587579,0.382636655948553,0.268817204301075
19,0.0154788966237301,0.2092426473264871,0.0432885441196841,0.0670580669747058,0.0145203843533918,1.0,0.5833333333333335,-0.7405932620252615,0.39690998609617667,0.4153756211634025,0.268817204301075
20,0.0067273813299475,0.2110416542421401,0.0492450477905527,0.0722145477063783,0.0252795633880476,1.0,0.5833333333333335,-0.7303395314365411,0.3991793975626856,0.4153756211634025,0.268817204301075
21,0.0597858189169389,0.2437457837288142,0.0588031583321789,0.0775496594102796,0.0504545890100118,0.375,0.5833333333333335,-0.6906151710049782,0.014676166406189184,0.352625937834941,0.268817204301075
22,0.0684396103599527,0.248339825067828,0.0706122731680288,0.0830872195493735,0.0652838816818209,0.375,0.5833333333333335,-0.6695352580068334,0.024228262358257424,0.4153756211634025,0.268817204301075
23,0.1160122443137092,0.2734469212603853,0.087304335780579,0.0904706330681655,0.097891392250212,0.375,0.5833333333333335,-0.6066193005070027,-0.042680823766510535,0.4153756211634025,0.3917050691244239
24,0.1410290398032049,0.2821670026775015,0.0992519739576118,0.0967822607535845,0.1207859712023016,0.375,0.5833333333333335,-0.5865005854692298,-0.04209145323622989,0.4186495176848872,0.3917050691244239
25,0.1830413652557774,0.2983636801589925,0.1159094057348663,0.104082313152003,0.1531916986060059,0.375,0.5833333333333335,-0.5588138091640334,-0.042956226556616135,0.4186495176848872,0.3917050691244239
26,0.2079897795651006,0.3114307323280633,0.1323244216650505,0.1115848139856141,0.1705886320867636,0.375,0.5833333333333335,-0.530523961102491,-0.0382308727045038,0.4481145863782518,0.3917050691244239
27,0.246452407336484,0.3346104455867694,0.1467308491480814,0.1183132472729005,0.172252120560904,0.375,0.5833333333333335,-0.5045871722386943,-0.03903318450264963,0.4481145863782518,0.3917050691244239
28,0.2418175411505438,0.2940141922302109,0.1577088239368334,0.1251012242175962,0.1721569450978456,0.375,0.5833333333333335,-0.44013905449739754,-0.1590135960745588,0.2745980707395499,0.591397849462366
29,0.2520711460252034,0.2503053529120637,0.1733273306552153,0.1315557566807983,0.1743838414742173,0.375,0.5833333333333335,-0.4193281147196617,-0.15223118090572374,0.2745980707395499,0.591397849462366
30,0.278118251983118,0.1735095796004894,0.1907120099736805,0.1377959319773258,0.1829837519416732,0.375,0.5833333333333335,-0.39870176871881535,-0.14272043309491586,0.2844197603040046,0.591397849462366
31,0.2573760457153704,0.0816471475739449,0.2068499792214988,0.1436431191349497,0.20397265559361,0.375,0.5833333333333335,-0.38314502562942243,-0.13032699878718879,0.2844197603040046,0.591397849462366
32,0.3231959934752106,0.091433156562977,0.2277670037401301,0.1535035488019815,0.2373466103867453,0.375,0.5833333333333335,-0.3468679624924198,-0.06039400807510903,0.2844197603040046,0.591397849462366
33,0.3408148638232172,0.11102415018174,0.2473334256822273,0.164042776163483,0.2831078352724535,0.375,0.5833333333333335,-0.31433836670664494,-0.05892162435153951,0.2844197603040046,0.591397849462366
34,0.3788728178940279,0.1557971744109224,0.2618783765064412,0.172497975515648,0.2945531268465237,0.375,0.5833333333333335,-0.28579608606379214,-0.061353297780243496,0.2844197603040046,0.591397849462366
35,0.3638618730778955,0.1626832020657888,0.2711940712009973,0.1811198971085599,0.303201208700372,0.375,0.5833333333333335,-0.26887124809297347,-0.057694177916833525,0.2844197603040046,0.591397849462366
36,0.3703177709164122,0.1812882368841534,0.2816872142956087,0.1904801600533511,0.3086846254501025,0.375,0.5833333333333335,-0.24832639561274528,-0.056146880074345415,0.2844197603040046,0.591397849462366
37,0.3475164746337715,0.1852841582831766,0.2926651890843607,0.1983994664888295,0.3027743548469072,0.375,0.5833333333333335,-0.2212080112507283,-0.05434380193772177,0.3498976907337034,0.612903225806452
38,0.3734497820605035,0.2035844210764376,0.3010804820612272,0.2057471538131757,0.2863132401307069,0.5833333333333335,0.375,-0.2436854040066888,0.053919674004191454,0.3498976907337034,0.612903225806452
39,0.3985648117080828,0.2400337224243277,0.3073832940850531,0.2135830991282808,0.2769601411942912,0.5833333333333335,0.375,-0.22709608541044446,0.051973436919457106,0.3498976907337034,0.612903225806452
40,0.4059448760935565,0.2587593881014211,0.3072794015791661,0.2215738579526509,0.2771437574231309,0.5833333333333335,0.375,-0.22315905471326092,0.017515272588731645,0.322615219721329,0.612903225806452
41,0.4108377026270874,0.2869963032353854,0.3023964538024657,0.2287310055732863,0.28309970035735,0.5833333333333335,0.375,-0.22401830588140936,0.014963213341916248,0.322615219721329,0.612903225806452
42,0.3585235482586144,0.3038125934743932,0.2930807591079096,0.236781308055066,0.2770234815926796,0.5833333333333335,0.375,-0.23480418487239396,0.008569864188952614,0.2516807950891551,0.612903225806452
43,0.3371414166182087,0.3370583032369344,0.2740337996952485,0.2426999476015814,0.2591638778162907,0.5833333333333335,0.375,-0.2556957200893397,0.0029265895726655333,0.232583065380493,0.612903225806452
44,0.3450180100209047,0.3909012964622435,0.2517661726000831,0.244152812842376,0.2808723507920706,0.5833333333333335,0.375,-0.28139490077865126,-0.006748796134299004,0.232583065380493,0.612903225806452
45,0.3851192345798525,0.4418235900518074,0.2382255159994458,0.2484280474443861,0.2681113319051953,0.5833333333333335,0.375,-0.29206527054157927,-0.01545016524243338,0.232583065380493,0.612903225806452
46,0.3846265328674907,0.4652815481644358,0.2232303643163873,0.2525246510741675,0.2497167833088994,0.5833333333333335,0.375,-0.30854424027197824,-0.021037423926743626,0.2164234479347018,0.612903225806452
47,0.3997660751269326,0.4886554712968264,0.2137415154453524,0.2579907588243699,0.231177449311832,0.5833333333333335,0.1071428571428571,-0.35961724377307003,-0.12391713805881943,0.2164234479347018,0.612903225806452
48,0.3910257865940738,0.498185502765409,0.2092048760216095,0.2630996046301147,0.2218436977979312,0.5833333333333335,0.1071428571428571,-0.3642758958584962,-0.13060011377317227,0.1610190452634181,0.612903225806452
49,0.3933693729369233,0.5268042542611929,0.2086507826568776,0.270447291954461,0.2197662999304218,0.5833333333333335,0.1071428571428571,-0.35882799592581494,-0.1318557891151493,0.1610190452634181,0.612903225806452
50,0.3745392881774299,0.5378815749626876,0.2073694417509348,0.2759491258991091,0.2164384507391368,0.5833333333333335,0.1071428571428571,-0.3572723347689052,-0.13053190737221212,0.1610190452634181,0.612903225806452
51,0.3387715933350803,0.4987108182063914,0.2061573625155838,0.2794026580288667,0.2141038312363589,0.5833333333333335,0.1071428571428571,-0.36153077164835357,-0.12432657340757147,0.1610190452634181,0.612903225806452
52,0.323533051456583,0.4973958837575486,0.2057417924920349,0.2832491782975277,0.2131140444742366,0.5833333333333335,0.1071428571428571,-0.36130383882835493,-0.12474432211411905,0.142550911039657,0.612903225806452
53,0.2906570130130916,0.4695913421509391,0.2101745394098905,0.2849521268994427,0.2176781450052997,0.5833333333333335,0.1071428571428571,-0.3562485621479712,-0.11333244325387552,0.1887212465990602,0.612903225806452
54,0.2212003601749027,0.4517410731228247,0.2217758692339659,0.2862859048254178,0.1969569776056398,0.5833333333333335,0.1071428571428571,-0.34208404310008855,-0.10347266345757346,0.1887212465990602,0.612903225806452
55,0.1750249476488483,0.4357401545469118,0.2236459343399361,0.2854761110846472,0.1946844450520907,0.5833333333333335,0.1071428571428571,-0.34229398348560647,-0.09837828009881765,0.1887212465990602,0.612903225806452
56,0.1478008178695332,0.4196058255991463,0.226277877822413,0.2848330395846233,0.1888840811961423,0.5833333333333335,0.1071428571428571,-0.2315756039236021,-0.29359558666185404,0.232583065380493,1.0
57,0.145974427990152,0.4124055380988264,0.2244078127164427,0.2847020435383222,0.1914458923472392,0.5833333333333335,0.1071428571428571,-0.23498970460624224,-0.29336189374977106,0.232583065380493,1.0
58,0.1348767748169463,0.4170311409626767,0.2236459343399363,0.2857738293716952,0.1911123801350416,0.5833333333333335,0.1071428571428571,-0.2336233834894017,-0.2864686863917233,0.2844197603040046,1.0
59,0.1110135290123741,0.4197595670146049,0.2135683612688738,0.284285237936455,0.1717209060195961,0.5833333333333335,0.1071428571428571,-0.24555091974300558,-0.2781827468300111,0.352625937834941,1.0
60,0.1008540758372802,0.4033607408709742,0.2101745394098905,0.2826418329919495,0.1633454644707909,0.5833333333333335,0.1071428571428571,-0.2503294180461747,-0.26911838627413853,0.4153756211634025,1.0
61,0.1245690773669265,0.3979273178745114,0.2042180357390218,0.2784975944362406,0.1631861753918112,0.5833333333333335,0.1071428571428571,-0.26254724955185627,-0.28009862215009956,0.352625937834941,1.0
62,0.1485984282024399,0.3648986662060877,0.197915223715196,0.2729838517601104,0.1522764089103273,0.5833333333333335,0.1071428571428571,-0.27708529307466156,-0.2855728051328138,0.3171587255188541,1.0
63,0.2711847064980237,0.4167509598188873,0.2008934755506303,0.2689825179821845,0.1670451564415632,0.5833333333333335,0.1071428571428571,-0.26850178604970787,-0.24716346987430005,0.262593783494105,1.0
64,0.3818425513120383,0.4539947208993059,0.208858567668652,0.2680536369265945,0.1982760050537926,0.5833333333333335,0.1071428571428571,-0.2532392713975067,-0.25800672672895086,0.262593783494105,1.0
65,0.4472190420153872,0.4989975827357299,0.2247194902341043,0.2694945934359072,0.2495072954279409,0.5833333333333335,0.1071428571428571,-0.31084234490495355,-0.1055005339612976,0.262593783494105,0.6989247311827955
66,0.4706896063412827,0.4957752091386685,0.2400955811054161,0.2705306530748345,0.2804226557661736,0.5833333333333335,0.1071428571428571,-0.2900246862265896,-0.10467714256534372,0.262593783494105,0.6989247311827955
67,0.4857102469963948,0.5172769335984241,0.2511428175647595,0.2704234744914972,0.2883349826216372,0.5833333333333335,0.1071428571428571,-0.2710617167130146,-0.09883427827863299,0.3171587255188541,0.6989247311827955
68,0.4966504703630096,0.5105247035733841,0.2634367640947499,0.2728290382508455,0.3053666701220927,0.5833333333333335,0.1071428571428571,-0.25394517939129146,-0.09676679953613242,0.3171587255188541,0.6989247311827955
69,0.4983577034844039,0.4954896063832507,0.2778778224130765,0.2741389987138568,0.3116664151209921,0.5833333333333335,0.1071428571428571,-0.23388473172786695,-0.08876101001736356,0.3498976907337034,0.6989247311827955
70,0.4948235701763137,0.4708083003324997,0.2902410306136583,0.2767827371028437,0.3192200369265114,0.5833333333333335,0.1071428571428571,-0.21816398487708444,-0.08385393440002993,0.3498976907337034,0.6989247311827955
71,0.4862080517819038,0.4551237715208941,0.3089070508380662,0.2807364359548421,0.3125579333693699,0.5833333333333335,0.1071428571428571,-0.19385700768237102,-0.08441535758214672,0.292604501607717,0.6989247311827955
72,0.4800953356125358,0.4571561013655493,0.3276077018977696,0.2848568570475872,0.2902206334195211,0.5833333333333335,0.1071428571428571,-0.1653206240927526,-0.07902887224477897,0.292604501607717,0.6989247311827955
73,0.3639394397897328,0.4370872314075512,0.3391744008865492,0.2913828418996808,0.2912650121107324,0.5833333333333335,0.1071428571428571,-0.15073068402819556,-0.06519346828903856,0.292604501607717,0.6989247311827955
74,0.268469361276401,0.3959040885922319,0.3483515722399223,0.3012670890296766,0.2986165315211061,0.5833333333333335,0.1071428571428571,-0.13869653337768406,-0.0051517190773402305,0.2844197603040046,0.6989247311827955
75,0.2617159542734026,0.4053502787095634,0.3437803019808837,0.3057924069928071,0.298634080569864,0.5833333333333335,0.1071428571428571,-0.1660842725893189,0.039912195575420084,0.2844197603040046,0.612903225806452
76,0.2849150351078674,0.4201069374167877,0.3370619199335087,0.3096746534559138,0.3039291944199768,0.5833333333333335,0.1071428571428571,-0.17181236049537463,0.03612370535111635,0.2844197603040046,0.612903225806452
77,0.2807815458586391,0.4269828963643448,0.3350879623216511,0.3121516696041536,0.3075858949422032,0.5833333333333335,0.1071428571428571,-0.17294769209723626,0.03581057875361378,0.2844197603040046,0.612903225806452
78,0.2968544401967029,0.4390606980402421,0.3340836680980745,0.3157719239746581,0.3068515018389353,0.5833333333333335,0.0,-0.19253387455242732,-0.020204331521404065,0.1665594855305465,0.612903225806452
79,0.2929880968267304,0.4193130585712193,0.331798032968555,0.3164864478635735,0.306881483109786,0.5833333333333335,0.0,-0.19218925047115398,-0.0001884004378829851,0.3171587255188541,0.612903225806452
80,0.3000637628989742,0.4142909035425585,0.3275038093918825,0.3180941266136332,0.3061836288467054,0.5833333333333335,0.0,-0.1975986380327277,-0.0009107913888192765,0.3171587255188541,0.612903225806452
81,0.3276844014618263,0.4467100111607748,0.3246640808976313,0.3214881150859811,0.3017044459482179,0.5833333333333335,0.0,-0.19619384987476052,-0.005444079408696179,0.3171587255188541,0.612903225806452
82,0.3770775567608446,0.4977895314875583,0.3201274414738884,0.3241913971323773,0.292880940534997,0.5833333333333335,0.0,-0.19544276091396884,0.030845704837983545,0.292604501607717,0.612903225806452
83,0.390760681944077,0.5130531108820263,0.3169414046266795,0.3280974610584479,0.2821492264934877,0.5833333333333335,0.0,-0.1959059074598598,0.028919519367445495,0.292604501607717,0.612903225806452
84,0.4053069919501574,0.535617471220924,0.3082836958027427,0.331015100271519,0.2544876629481752,0.5833333333333335,0.0,-0.20471930967695817,0.019621094032344938,0.2441256492703438,0.612903225806452
85,0.3496084794704642,0.5378368466667546,0.3064482615320681,0.3342661839660839,0.2538233966960518,0.5833333333333335,0.0,-0.20610639957430377,0.026169866632884994,0.262593783494105,0.612903225806452
86,0.3285677434236058,0.5572859102382489,0.3128203352264855,0.3394345734292382,0.2603400483438204,0.5833333333333335,0.0,-0.1938175186421922,0.02820326982896436,0.262593783494105,0.612903225806452
87,0.3173496577241264,0.5570347734424675,0.3173916054855242,0.3441266136331158,0.2570174293751919,0.5833333333333335,0.0,-0.18605466931624626,0.028602289306854198,0.2441256492703438,0.612903225806452
88,0.3834255246022984,0.6276774048139263,0.308907050838066,0.3450912208831515,0.2692197378165977,0.5833333333333335,0.0,-0.18925110567192582,0.01838389003580776,0.262593783494105,0.612903225806452
89,0.406283464996873,0.6433851691039391,0.3044396730849147,0.3477349592721384,0.272219455217375,0.5833333333333335,0.0,-0.16835902431412686,-0.03059548231480732,0.262593783494105,0.6989247311827955
90,0.4143289701207412,0.6521782486490507,0.2993489402964399,0.3487591101795836,0.2770424725967418,0.5833333333333335,0.0,-0.17468833275050277,-0.03516099996111565,0.2441256492703438,0.6989247311827955
91,0.374479837375265,0.636360309465592,0.290414184790137,0.3511289477444863,0.2748829559300105,0.5833333333333335,0.0,-0.18748024908082972,-0.02993824711699957,0.262593783494105,0.6989247311827955
92,0.3599689937275576,0.6581927522346721,0.2749688322482337,0.350688324679655,0.2854646423786389,0.5833333333333335,0.0,-0.20768514282813388,-0.03401582788747577,0.262593783494105,0.6989247311827955
93,0.3734490165995315,0.5906586406160811,0.2588654938357113,0.3480326775591863,0.2712112243592646,0.5833333333333335,0.0,-0.23638605202670415,-0.03301317579548336,0.262593783494105,0.6989247311827955
94,0.3498064787085756,0.5113061901638024,0.2486147665881701,0.3446863240127661,0.2631866209370469,0.5833333333333335,0.0,-0.2574788624326375,-0.019984606310136738,0.322615219721329,0.6989247311827955
95,0.3510220307322375,0.4648356206080105,0.2407881978113311,0.3397918353736959,0.2539092866493412,0.5833333333333335,0.0,-0.2744156941733238,-0.018549118065321932,0.322615219721329,0.6989247311827955
96,0.3669150417418625,0.478534290531775,0.2281133120930876,0.3353141523364931,0.2195611590667224,0.5833333333333335,0.0,-0.292485831579545,-0.027831691212029032,0.2844197603040046,0.6989247311827955
97,0.4206557602086339,0.5076667397293376,0.2103130627510735,0.330086219215929,0.192787231605117,0.5833333333333335,0.0,-0.3147254651303526,-0.037896132861777114,0.2844197603040046,0.6989247311827955
98,0.3773260764231132,0.5371254537695306,0.1989195179387727,0.3229052541323298,0.1938986925649209,0.5833333333333335,0.0,-0.33392961065999527,-0.11770698732947685,0.2844197603040046,0.6989247311827955
99,0.3471985531767012,0.5286747102729471,0.1872489264441057,0.316569808983947,0.1793826663014622,0.5833333333333335,0.0,-0.3419748800585488,-0.14044073338280738,0.2844197603040046,0.741935483870968
100,0.32654947799389,0.5244797382755714,0.1775176617260008,0.3099961892059257,0.1652040720092625,0.5833333333333335,0.0,-0.3565896606889204,-0.13278204948495623,0.352625937834941,0.741935483870968
101,0.3431668702367596,0.5278103504762114,0.1712494805374704,0.3037917401038441,0.1485548523117721,0.5833333333333335,0.0,-0.3691994989281764,-0.1445067769425331,0.2844197603040046,0.741935483870968
102,0.2777526167921215,0.5046405122958278,0.1701759246433023,0.2965512313628352,0.1482634838892789,0.5833333333333335,0.0,-0.3776827812722685,-0.13909242636832003,0.2844197603040046,0.741935483870968
103,0.2644933018337637,0.5151917430403933,0.1694833079373873,0.2896798932977659,0.1470932899613976,0.5833333333333335,0.0,-0.3820204857340772,-0.17558302724466684,0.2844197603040046,0.741935483870968
104,0.2863936505522673,0.5249084328521781,0.1705568638315555,0.2835468965845757,0.150323497099134,0.5833333333333335,0.0,-0.37702675818817943,-0.3457076535862179,0.292604501607717,0.741935483870968
105,0.3004947174262549,0.4942637412683007,0.1747818257376366,0.281677225741914,0.1681953321912103,0.5833333333333335,0.0,-0.37516600086251106,-0.3443609083657475,0.292604501607717,0.741935483870968
106,0.2912089103739609,0.4833105367472964,0.1782449092672114,0.2807007097603963,0.1803100725954322,0.5833333333333335,0.375,-0.3239357284237083,-0.21105574905950944,0.292604501607717,0.6989247311827955
107,0.2555608825969132,0.4885274825366018,0.1926167059149466,0.2810936978992997,0.2094889012358456,0.5833333333333335,0.1071428571428571,-0.3471273451332332,-0.29901059654254003,0.3498976907337034,0.6989247311827955
108,0.2827931772932636,0.5264547539401562,0.2153345338689569,0.2820702138808174,0.2566428187722369,0.5833333333333335,0.1071428571428571,-0.31292814673695846,-0.30037046826303565,0.352625937834941,0.6989247311827955
109,0.3207993351716304,0.5497798825678922,0.2361130350464053,0.283665983899395,0.2866828990055305,0.5833333333333335,0.1071428571428571,-0.27957643981204894,-0.29382550007059516,0.4153756211634025,0.6989247311827955
110,0.2892677013487678,0.5162869085893044,0.2574802604238815,0.2859167341494784,0.3085299851561457,0.5833333333333335,0.1071428571428571,-0.25357110760535884,-0.2847552320445096,0.4153756211634025,0.6989247311827955
111,0.2813954455582469,0.4926829542206857,0.2762848039894723,0.2871552422235983,0.3259074156783091,0.5833333333333335,0.1071428571428571,-0.2332685279863702,-0.29089768449522013,0.3171587255188541,0.6989247311827955
112,0.3454469233189267,0.4806369076986111,0.2970979360022163,0.2886319249273567,0.3292705653588332,0.5833333333333335,0.1071428571428571,-0.20367360764688203,-0.2905311162739781,0.3171587255188541,0.6989247311827955
113,0.3936393255064099,0.5173762652686139,0.3207161656739161,0.2909779450292954,0.3423318838334744,0.5833333333333335,0.1071428571428571,-0.16611479645348004,-0.2923481883779616,0.3171587255188541,0.6989247311827955
114,0.4168174837409711,0.5336434237012723,0.3433647319573347,0.2956104415757633,0.3563813925119012,0.5833333333333335,0.1071428571428571,-0.1312333729003795,-0.29048953660315324,0.3171587255188541,0.6989247311827955
115,0.4095450941989029,0.5397479647657205,0.3627926305582492,0.3010527318630019,0.3738544988038151,0.5833333333333335,0.1071428571428571,-0.054202729790651105,-0.3770233385819376,0.3171587255188541,0.8709677419354835
116,0.4361014868569076,0.5649148923151753,0.383363346723923,0.3049587957890725,0.3786383259455635,0.5833333333333335,0.1071428571428571,-0.02132946356329124,-0.37639170590329485,0.3171587255188541,0.8709677419354835
117,0.4239360156276511,0.5694128936767745,0.3982199750657985,0.308888677178107,0.373730352748435,0.5833333333333335,0.1071428571428571,0.0034797748323200928,-0.3639908070357972,0.382636655948553,0.8709677419354835
118,0.3723396084973313,0.5180419617249709,0.4065313755367777,0.3156409279283572,0.378868350765693,0.5833333333333335,0.1071428571428571,0.012194236863686703,-0.35337486424695996,0.382636655948553,0.8709677419354835
119,0.3693706405402929,0.5217677706875147,0.4103753982546059,0.320094793502596,0.3749359576175259,0.1071428571428571,0.5833333333333335,0.11231153614512013,-0.5993639095153273,0.382636655948553,0.8709677419354835
120,0.4573871704148314,0.5489625746149299,0.4196564621138661,0.3272876673176773,0.3782800258259436,0.1071428571428571,0.5833333333333335,0.13283233218113044,-0.6052726916186131,0.382636655948553,0.8709677419354835
121,0.4755122656190398,0.569353643206837,0.426928937525973,0.334099461725337,0.3738391861592605,0.1071428571428571,0.5833333333333335,0.14631633128424393,-0.613590636764125,0.3171587255188541,0.8709677419354835
122,0.4384175166047621,0.5401693014408323,0.4368679872558526,0.3443052446053446,0.3683502323020319,0.1071428571428571,0.5833333333333335,0.16161356809934313,-0.6046187179307562,0.3171587255188541,0.8709677419354835
123,0.397858546384511,0.5358999759125541,0.4378030198088378,0.3525103605963893,0.3676825391417637,0.1071428571428571,0.0,0.07090112094006962,-0.7165473643277882,0.262593783494105,0.8709677419354835
124,0.3622464952731509,0.5430838049490022,0.4370757722676269,0.3604177583003859,0.3673467055446252,0.1071428571428571,0.0,0.07485232913574125,-0.6541551981954116,0.262593783494105,0.8709677419354835
125,0.3679257053786647,0.5525756915072003,0.437768388973542,0.3687895965321774,0.3690201436420708,0.1071428571428571,0.0,0.07919549094252987,-0.6595299283932722,0.2164234479347018,0.8709677419354835
126,0.4677864680278434,0.6414634014107033,0.4477420695387174,0.3804839708474253,0.4167647382327233,0.1071428571428571,0.0,0.10707973588417041,-0.6715743467302767,0.2164234479347018,0.8709677419354835
127,0.6257462287651558,0.7250503241736498,0.4685552015514614,0.3976920878388035,0.4918737248002937,0.1071428571428571,0.0,0.15293281335649023,-0.6833610134184366,0.232583065380493,0.8709677419354835
128,0.7195353549838016,0.7777350288003758,0.4952902063997784,0.4175558519506502,0.5689343914357708,0.1071428571428571,0.0,0.20338168866783235,-0.68822810147919,0.232583065380493,0.8709677419354835
129,0.7346003923752943,0.8157562102624912,0.5251073555894168,0.4362763778402325,0.6104972011849314,0.0,0.1071428571428571,0.2764439767046698,-0.7401689675106308,0.232583065380493,0.8709677419354835
130,0.7624567929175471,0.8797604654531034,0.5578334949438981,0.4580693564521508,0.6785187249434126,0.0,0.1071428571428571,0.3376364841139661,-0.7327238957327096,0.2844197603040046,0.8709677419354835
131,0.7872033806838986,0.9063205535620374,0.5873043357805791,0.4771709617491545,0.7090339407897535,0.0,0.1071428571428571,0.39148258404916714,-0.7201128570994175,0.352625937834941,0.8709677419354835
132,0.7954300449044921,0.9330202481704,0.6137622939465299,0.4968441861572904,0.7306252503418098,0.0,0.1071428571428571,0.4401369931955359,-0.7111965671146752,0.382636655948553,0.8709677419354835
133,0.819475215266762,0.9570602550171204,0.6462460174539408,0.5164578669080169,0.7383416088543526,0.0,0.1071428571428571,0.49666007278267665,-0.7053730496168541,0.382636655948553,0.8709677419354835
134,0.8033581793459749,0.9353937522896628,0.6793877268319712,0.5353927499642739,0.7282545192591772,0.0,0.1071428571428571,0.5483782950796454,-0.6960497404486345,0.352625937834941,0.8709677419354835
135,0.8090294796881105,0.9384885243844728,0.7086161518215817,0.5523626923260134,0.6916877904702514,0.0,0.375,0.6431221736441983,-0.5838807694693833,0.382636655948553,0.8709677419354835
136,0.6742397122683236,0.932134782814111,0.7289790829754812,0.5698685276044397,0.6641257369367657,0.0,0.375,0.676883536276119,-0.5652853169037102,0.382636655948553,0.8709677419354835
137,0.5579817549825767,0.9545490806882968,0.7470563789998614,0.5883508788643833,0.6760145072804686,0.0,0.375,0.7085900528334199,-0.5554846412686747,0.352625937834941,0.8709677419354835
138,0.4848539513222956,0.93107330870889,0.7619476381770327,0.6055232696613159,0.7065763305710577,0.0,0.375,0.7323874716085192,-0.5434265698034199,0.3498976907337034,0.8709677419354835
139,0.4522736359676844,0.9155283863967116,0.7798864108602297,0.6232672795693803,0.726485356238217,0.0,0.375,0.7627404597703995,-0.5337450657066556,0.3498976907337034,0.8709677419354835
140,0.3796717039952214,0.9483655389972652,0.7877822413076603,0.6404277616348305,0.7437014903543868,0.375,0.0,0.7094769747333258,-0.3487576936673772,0.3498976907337034,0.8709677419354835
141,0.383577851335742,0.9838639283913536,0.8041279955672529,0.6586838469966182,0.766840071955045,0.375,0.0,0.7400977996116498,-0.2413243334027204,0.3498976907337034,0.8709677419354835
142,0.3782471811261819,0.9579114480427598,0.8247679734035183,0.6782975277473443,0.7957470724189941,0.375,0.0,0.77333718566132,-0.23634344364431598,0.3171587255188541,0.8709677419354835
143,0.3625197648401832,0.933444489280312,0.841944867710209,0.6956961844424333,0.812192073602461,0.375,0.1666666666666667,0.82937526058616,-0.16549791275093617,0.3171587255188541,0.8709677419354835
144,0.3943108899325808,0.9183141266287106,0.8626541072170659,0.7139641785357024,0.8378242938866902,0.375,0.1666666666666667,0.8650772983751516,-0.1602969280567125,0.3171587255188541,0.8709677419354835
145,0.3938186985275337,0.9265542017877378,0.8872420002770465,0.7327085218882486,0.8581376422729154,0.375,0.1666666666666667,0.9070880879205614,-0.15646600003384564,0.292604501607717,0.8709677419354835
146,0.4376660890838376,0.9333221157607025,0.903241446183682,0.748642404611061,0.844151490981164,0.375,0.1666666666666667,0.9372369801181004,-0.22496203967528763,0.292604501607717,0.8709677419354835
147,0.4239199409472376,0.9545368820621332,0.9094057348663248,0.7641356642690423,0.8371508324806018,0.375,0.1666666666666667,0.9549730969895991,-0.22156511075335475,0.292604501607717,0.8709677419354835
148,0.4182106227101554,0.9658835406841608,0.9047652029366946,0.7768541894917352,0.8467479271970229,0.375,0.1666666666666667,0.9549520251369124,-0.22212119850735793,0.2844197603040046,0.8709677419354835
149,0.4545541993571659,0.9801718108725,0.8973542041834051,0.7907278616681751,0.8578785497219319,0.375,0.1666666666666667,0.9530989703383261,-0.2255282100761644,0.2844197603040046,0.8709677419354835
150,0.4814320856234436,0.9666125538191768,0.8886272336888765,0.8016958033630258,0.8695745185779569,0.375,0.1666666666666667,0.9453104487163755,-0.22678974359312268,0.2844197603040046,0.8709677419354835
151,0.429641506559873,0.949053890045069,0.8764371796647736,0.8132591816319726,0.8739772580026273,0.375,0.1666666666666667,0.9311661853425255,-0.222103658186353,0.2844197603040046,0.8709677419354835
152,0.440678433162627,0.9596271944941211,0.8631389389112063,0.824882103558329,0.8628491966242651,0.375,0.1666666666666667,0.9232761737998887,-0.21212324492981094,0.382636655948553,0.8709677419354835
153,0.4237808822039764,0.953116226186539,0.8565590802050145,0.8396965655218406,0.8524783359912711,0.375,0.1666666666666667,0.8107968473785043,-0.09882529110284233,0.382636655948553,0.4838709677419355
154,0.431035155836372,0.9705159205625464,0.8528189499930736,0.8569284999761825,0.8403331226118331,0.375,0.1666666666666667,0.8160412453346244,-0.09828677415486994,0.382636655948553,0.4838709677419355
155,0.4647085494591125,1.0,0.8548968001108186,0.8761491925880057,0.8500903974234599,0.375,0.1666666666666667,0.8311593145605938,-0.09985072654259068,0.382636655948553,0.4838709677419355
156,0.4505508384731912,0.9202424777074948,0.8695802742762153,0.8937026627923593,0.9043251384304668,0.375,0.1666666666666667,0.8515850425545965,-0.08378994339718045,0.4186495176848872,0.4838709677419355
157,0.4223298233545715,0.8001698513471541,0.8848178418063444,0.9072786166817512,0.940968208352734,0.375,0.5833333333333335,0.9343503191974767,0.08670016443616838,0.4186495176848872,0.4838709677419355
158,0.4118547451053236,0.7323933162371848,0.9091979498545504,0.9191873481636738,0.9758585120773275,0.375,0.5833333333333335,0.9660598082306759,0.09867840933060523,0.4186495176848872,0.4838709677419355
159,0.3985375102667453,0.7251430724582907,0.9353788613381356,0.9318106035345114,0.9994764862900288,0.375,0.5833333333333335,1.0051588654553196,0.1025057745685759,0.382636655948553,0.4838709677419355
160,0.4043741501788499,0.6948736338506841,0.9604515860922562,0.9401467155718574,1.0,1.0,0.5833333333333335,1.0179775603831875,0.4905644416899174,0.382636655948553,0.4838709677419355
161,0.3794920758204403,0.6396531640138202,0.9849702174816456,0.9500071452388892,0.9841771993680456,1.0,0.5833333333333335,1.0514741111231567,0.5038081971012518,0.382636655948553,0.4838709677419355
162,0.3921994934179286,0.6536267870987332,0.9954287297409614,0.9561282332205976,0.95869260865484,1.0,0.5833333333333335,1.1785060262290452,0.2774196181183951,0.382636655948553,0.8709677419354835
163,0.4044065546933347,0.6381322083231035,1.0,0.9613442576096796,0.9467435818127,0.5833333333333335,1.0,1.267347296144207,0.06322270605072872,0.382636655948553,0.8709677419354835
164,0.3949569389930156,0.6605916217511961,0.9961906081174678,0.96586957557281,0.9533079382450238,0.5833333333333335,1.0,1.2658440765796501,0.061982452276358124,0.382636655948553,0.8709677419354835
165,0.365664278513485,0.6635425275088701,0.9870480675993902,0.9718953937026628,0.950588989947694,0.5833333333333335,1.0,1.2558433583215018,0.06323647510348904,0.382636655948553,0.8709677419354835
166,0.3353675883922437,0.6630818841494533,0.969524864939742,0.9764207116657934,0.9344761329128636,0.375,1.0,1.2446875166357048,-0.05121455952347202,0.4808535515931014,0.8709677419354835
167,0.3211894651137333,0.6204747937657663,0.9603823244216648,0.980636402610394,0.919228906132502,0.375,1.0,1.233229375621339,-0.0374236700901052,0.562700964630225,0.8709677419354835
168,0.3007322654812567,0.5926685094982765,0.9552569607978944,0.9856618872957652,0.9038958897536592,0.375,1.0,1.223432617712839,-0.04349239864024351,0.4808535515931014,0.8709677419354835
169,0.2545423091967329,0.5750902891965096,0.9474303920210554,0.9894250464440528,0.8795779327464464,0.375,1.0,1.2154148258307966,-0.028764252920709617,0.562700964630225,0.8709677419354835
170,0.2259967386259516,0.5782539932105931,0.9456988502562678,0.9944505311294242,0.8735552681332439,0.375,1.0,1.2152877070814414,-0.026168196466612198,0.562700964630225,0.8709677419354835
171,0.2489600574810159,0.53749547876316,0.9434824767973402,0.9979278807221456,0.865998980077511,0.375,1.0,1.2122174087440234,-0.019953093982346334,0.5987138263665592,0.8709677419354835
172,0.2037044738897434,0.5211711997794178,0.9523479706330517,1.0,0.8746203149938456,0.375,1.0,1.2226254735682476,-0.013335783249955005,0.5987138263665592,0.8709677419354835
173,0.1984802027553022,0.5136471646132962,0.9534561573625152,0.99969037298147,0.8734075031369111,0.375,1.0,1.2213876888882593,-0.01902651936749339,0.5426938192211503,0.8709677419354835
174,0.1828716880736332,0.5001363148066537,0.951863138938911,0.9965464678702424,0.876613118063408,0.375,1.0,1.2160145002697806,-0.01770613348631689,0.5426938192211503,0.8709677419354835
175,0.1485894978244322,0.4774449338524654,0.947361130350464,0.9925689515552804,0.8809886576445021,0.375,1.0,1.2049529713595084,-0.01499247736448045,0.5426938192211503,0.8709677419354835
176,0.1702533191025632,0.460149799129289,0.940642748303089,0.9892821416662696,0.8947058609364791,0.375,1.0,1.1932535186873618,-0.015122700390223218,0.562700964630225,0.8709677419354835
177,0.1788548040458185,0.4345017035478252,0.9281063859260285,0.987067117610632,0.9018623463500122,0.375,1.0,1.1246656127085508,0.07405084453898989,0.562700964630225,0.6989247311827955
178,0.1771797202852515,0.4097568871894289,0.909752043219282,0.9873767446291624,0.8904700375942387,0.375,1.0,1.0976877826022342,0.07281626442920716,0.562700964630225,0.6989247311827955
179,0.2083263272391582,0.3882348316860672,0.90130211940712,0.990782641832992,0.8767370255811386,0.375,1.0,1.088930178178419,0.07876351390819239,0.6227224008574492,0.6989247311827955
180,0.2194877688267039,0.379471764633898,0.8816318049591356,0.9920449673700756,0.8514815094323551,0.375,1.0,1.0620067197588074,0.07263528370505193,0.5987138263665592,0.6989247311827955
181,0.242862905684747,0.3957544133854945,0.8638315556171214,0.9935931024627256,0.8177166114992147,0.375,1.0,1.0414148823386329,0.06722739878853523,0.5987138263665592,0.6989247311827955
182,0.2795223625595688,0.3988743572485785,0.8548968001108186,0.9971657219073026,0.7779385560302579,0.375,1.0,1.0321221533144178,0.05969552231694014,0.562700964630225,0.6989247311827955
183,0.2740357934653616,0.4000097976267281,0.8518492866047929,0.9980707854999286,0.768520082090459,0.375,1.0,1.0286680757506494,0.05983618504352334,0.562700964630225,0.6989247311827955
184,0.2639822290580721,0.3733645127636354,0.8507410998753289,0.9958319439813272,0.766381140805932,0.375,1.0,1.0235268505260247,0.06216253345437486,0.562700964630225,0.6989247311827955
185,0.2774918497542997,0.3353714075045947,0.8505333148635543,0.991068451388558,0.765881423030774,0.375,1.0,1.101051748006368,-0.09826041029342689,0.5426938192211503,1.0
186,0.3612784422971279,0.3924034701412485,0.8544812300872693,0.9840899347401514,0.7676020034014761,0.375,1.0,1.109563450944993,-0.1115266171746019,0.5266881028938908,1.0
187,0.3972517909873093,0.4154706849586679,0.8552431084637762,0.97689706092507,0.766998426792985,0.375,1.0,1.110074379405547,-0.11711115654803471,0.5266881028938908,1.0
188,0.4714499642402149,0.4549820351026118,0.8492866047929073,0.966774639165436,0.7807619975901108,0.375,1.0,1.1017718099901335,-0.12915747741553546,0.5266881028938908,1.0
189,0.4747021527569225,0.4460340523681213,0.8318326638038509,0.9551755347020436,0.7895184876128025,0.375,1.0,1.0172619957257893,-0.032109695813784755,0.5266881028938908,0.806451612903226
190,0.4832370425956067,0.4393186118505586,0.8243524033799694,0.94524365264612,0.7965617236460094,1.0,0.375,0.882290682764582,0.29620489298728336,0.5827081100392997,0.806451612903226
191,0.4662369198666974,0.4615826536310466,0.8172877129796368,0.9359310246272567,0.7983560127741525,1.0,0.375,0.8702002309161221,0.2947138476912078,0.5987138263665592,0.806451612903226
192,0.4498149753253655,0.44259713785377,0.7974788751904696,0.9290954127566332,0.7815660375659026,1.0,0.375,0.8381772852694727,0.29283439069347483,0.5987138263665592,0.806451612903226
193,0.4377043621324415,0.4252785740231998,0.7857736528605068,0.9244033725527556,0.7604253625656925,1.0,0.375,0.8155369474640053,0.28079572241224016,0.502679528403001,0.806451612903226
194,0.4467648685052868,0.412680104002001,0.7764925890012466,0.9202829514600104,0.741103012349803,1.0,0.375,0.7809738900113525,0.30728917407542533,0.4546623794212219,0.741935483870968
195,0.4236979572653344,0.3794115460190267,0.7652721983654245,0.914804934978326,0.7102088113349196,1.0,0.375,0.7604818631866281,0.30939222116069076,0.4546623794212219,0.741935483870968
196,0.2984085811236814,0.3643563114142737,0.7520432192824491,0.909303101033678,0.6736556904492061,1.0,0.375,0.7367485376677438,0.31764575524108407,0.4546623794212219,0.741935483870968
197,0.2355846476085594,0.3505075790257984,0.7433855104585121,0.9022769494593438,0.6430845699281196,1.0,0.375,0.7198824972526969,0.3215165494910911,0.4546623794212219,0.741935483870968
198,0.1581725588875503,0.3467974540111792,0.7411691369995843,0.8931548611441912,0.6403267048689045,1.0,0.375,0.7102729410475794,0.32504793865849935,0.4481145863782518,0.741935483870968
199,0.1175434214115253,0.342069421413352,0.7469871173292699,0.8862477968846759,0.6462383577061015,1.0,0.375,0.6415636433275362,0.46474278302058125,0.4481145863782518,0.4838709677419355
200,0.0747166454846605,0.3245163728798593,0.7510735558941679,0.8783165817177155,0.6512249971197785,1.0,0.375,0.6352338644585043,0.4486345631579063,0.2844197603040046,0.4838709677419355
201,0.0654811037028664,0.3223455983096964,0.7498268458235213,0.8693373981803457,0.6513269522478002,1.0,0.375,0.6288169824996814,0.44776886897893164,0.2844197603040046,0.4838709677419355
202,0.0513889672068865,0.3270091524549444,0.7483030890705085,0.8589291668651454,0.6560305791442975,1.0,0.375,0.6216792145789929,0.44631388053791343,0.2844197603040046,0.4838709677419355
203,0.0828619156885563,0.3375390840109701,0.7458789305998059,0.8530224360501121,0.6528422434050347,1.0,0.375,0.6172827405210817,0.44170532956476694,0.2844197603040046,0.4838709677419355
204,0.1096270240382811,0.3570967734440168,0.7385371935171077,0.8469251655313675,0.6497741469780236,1.0,0.375,0.6069997253020734,0.4367337140559495,0.292604501607717,0.4838709677419355
205,0.147749531984404,0.3787741193947312,0.7289098213048897,0.8396846567903588,0.6512962818766923,1.0,0.375,0.5930370570151653,0.4289403624280651,0.292604501607717,0.4838709677419355
206,0.1752214159650154,0.3681264614147773,0.7171353373043357,0.8324441480493497,0.6690630990909854,1.0,0.375,0.5724078894590261,0.42359829134901017,0.292604501607717,0.4838709677419355
207,0.1938586045595448,0.361893544332131,0.7081313201274413,0.8266326870861717,0.6665112795313102,1.0,0.375,0.5536431082741711,0.4068842532797593,0.1862028646594562,0.4838709677419355
208,0.2031135380192983,0.3664779042218088,0.6960797894445214,0.8196779879007289,0.667450287849622,1.0,0.375,0.5348606510143523,0.40423031077543625,0.202572347266881,0.4838709677419355
209,0.2113486223105847,0.3443629567610983,0.6837512120792353,0.8114371457152384,0.6464416780970055,1.0,0.375,0.4615477548838547,0.49950099943952264,0.202572347266881,0.2995391705069123
210,0.2236036524735744,0.3276398020647045,0.6703144479844854,0.805649502215024,0.6187325510723207,1.0,0.375,0.4386438935072712,0.4919081071251409,0.1610190452634181,0.2995391705069123
211,0.2170607472378979,0.3027650606562163,0.6577780856074249,0.7984804458629068,0.6039839645797347,1.0,0.375,0.4160932764253791,0.49107931457720566,0.1610190452634181,0.2995391705069123
212,0.2258071594585332,0.2862461845408167,0.6437872281479429,0.7863335397513457,0.608594742208471,1.0,0.375,0.38957790096624856,0.4867505954116865,0.1610190452634181,0.2995391705069123
213,0.2399857930443583,0.3116994893616364,0.624047652029367,0.7746868003620256,0.5847831166291,1.0,0.375,0.36027506638553164,0.47846295145169504,0.1610190452634181,0.2995391705069123
214,0.2262689875783545,0.3284772474322862,0.6029228424989611,0.7617062830467299,0.5816821611175974,1.0,0.375,0.32767974395326727,0.47700299844945937,0.202572347266881,0.2995391705069123
215,0.1947799644162708,0.3160063789133388,0.5858844715334534,0.7486781308055067,0.5723402665755712,1.0,0.375,0.29767717429834706,0.528229068627986,0.202572347266881,0.2995391705069123
216,0.1629824604824394,0.2176451772053759,0.5781964260977975,0.7374362882865718,0.5671140864120995,1.0,0.375,0.27534510798214895,0.5461849633719691,0.292604501607717,0.2995391705069123
217,0.1434182986507219,0.1692663939854189,0.5651059703560051,0.7268613347306246,0.54900798149448,1.0,0.375,0.2481157814462167,0.5476159478686471,0.292604501607717,0.2995391705069123
218,0.1646577993966636,0.1336618959066059,0.5550630281202382,0.7185014052303148,0.5385746995357371,1.0,0.375,0.2279377653451351,0.5456808566324315,0.292604501607717,0.2995391705069123
219,0.1978691097459256,0.1342820895510829,0.5466131043080759,0.7133568332301242,0.5124189310217023,1.0,0.375,0.2056457702168073,0.5524980393176792,0.2516807950891551,0.268817204301075
220,0.2614587593867841,0.1593384549491182,0.5495220944729187,0.7111418091744867,0.5270298521154402,1.0,0.375,0.21212415226803238,0.5468043648871761,0.262593783494105,0.268817204301075
221,0.2972624308948213,0.1745350387141796,0.5541626264025489,0.7079979040632592,0.5438361245223661,1.0,0.375,0.21859104615141045,0.5427986931483291,0.262593783494105,0.268817204301075
222,0.3784163480010114,0.2320637597017804,0.5635129519324006,0.7058781498594769,0.5635994259918704,1.0,0.375,0.23675009571149186,0.5330331174776982,0.262593783494105,0.268817204301075
223,0.3422615850604472,0.2392706305876485,0.5755644826153207,0.7024008002667556,0.5858785413043408,1.0,0.375,0.2507306792270365,0.5364344531764801,0.262593783494105,0.268817204301075
224,0.3289808371948713,0.239094234580743,0.5927413769220115,0.6985185538036488,0.596298832705016,1.0,0.375,0.2718378743834733,0.5399666025540797,0.262593783494105,0.268817204301075
225,0.3572781432570415,0.2656022364922482,0.6122039063582214,0.6960415376554089,0.6102293256840947,1.0,0.375,0.29997291087904543,0.5388153811321416,0.262593783494105,0.268817204301075
226,0.3737569870639646,0.2748249787589002,0.6273029505471672,0.6945410374886866,0.62052010671373,1.0,0.375,0.3186842029179382,0.5041123593506579,0.2164234479347018,0.268817204301075
227,0.3923633020659536,0.2882413376200209,0.648566283418756,0.6942552279331206,0.6326899894159563,1.0,0.375,0.3490133697501703,0.5055046659301192,0.2164234479347018,0.268817204301075
228,0.371206215951339,0.2953271903891866,0.6655353927136722,0.6924927356737961,0.6110212152973873,1.0,0.375,0.3724449785645578,0.5103036297641154,0.2164234479347018,0.268817204301075
229,0.3450636825255722,0.3069408633839067,0.674885718243524,0.6885628542847616,0.5886912218137963,1.0,0.375,0.39322681319968833,0.4970263326524328,0.2164234479347018,0.2995391705069123
230,0.2977888128899544,0.3286216946563821,0.673084914808145,0.684323345877197,0.5891374890432848,1.0,0.375,0.38912841108885243,0.49616403040513957,0.202572347266881,0.2995391705069123
231,0.2769254086349612,0.3349942182384563,0.6741238398670175,0.6819654170437767,0.5889480965125111,1.0,0.1666666666666667,0.35554006260379345,0.4197529218449113,0.202572347266881,0.2995391705069123
232,0.1842158375406045,0.3328623630946251,0.6755783349494389,0.6808698137474397,0.5876975753055461,1.0,0.1666666666666667,0.3552458768677438,0.42886336776766143,0.2164234479347018,0.2995391705069123
233,0.1784896791621365,0.3118398703770112,0.6744701482199749,0.6778449959510312,0.5881761864143691,0.5833333333333335,0.1666666666666667,0.3656215297084464,0.17705586984474667,0.2164234479347018,0.2995391705069123
234,0.1602852311704892,0.2775373336049301,0.6734312231611026,0.6761301386176345,0.5887965005190368,0.5833333333333335,0.1666666666666667,0.36076461231928825,0.2815343583269707,0.172561629153269,0.2995391705069123
235,0.1253128502781302,0.248575665173658,0.6679595511843746,0.6750821702472255,0.5857453508885216,0.5833333333333335,0.1666666666666667,0.3494502589107755,0.28529767210657886,0.172561629153269,0.2995391705069123
236,0.1282019551404148,0.239143222714384,0.6552154037955393,0.6732482255990092,0.6013001165294001,0.5833333333333335,0.1666666666666667,0.32970583235435424,0.2825075748883049,0.172561629153269,0.2995391705069123
237,0.1177735700104639,0.2305025291818246,0.6373458927829339,0.6699137807840708,0.5869529745656786,0.5833333333333335,0.1666666666666667,0.30300555073472335,0.2802579372448869,0.172561629153269,0.2995391705069123
238,0.0989008745901913,0.2162431097125073,0.6214849702174816,0.6668413280617348,0.5891030414790752,0.5833333333333335,0.1666666666666667,0.2394230231847021,0.3521187131133243,0.172561629153269,0.161290322580645
239,0.1013233034131649,0.2234457207606678,0.6092949161933785,0.6629590815986283,0.5853368403886582,0.5833333333333335,0.1666666666666667,0.222074572925115,0.35006429726071364,0.1862028646594562,0.161290322580645
240,0.1040906999808889,0.237926651790797,0.5975204321928246,0.6592911923021959,0.5798163251723215,0.5833333333333335,0.1666666666666667,0.2102085749146576,0.36267399958135893,0.322615219721329,0.161290322580645
241,0.1217358511556037,0.2626548160563352,0.5787505194625293,0.6547896918020292,0.5735433926766532,0.5833333333333335,0.1666666666666667,0.18505779819012225,0.3550530683389801,0.322615219721329,0.161290322580645
242,0.1669825043688684,0.2882219747213485,0.5527773929907189,0.6495736674129472,0.5759946606930993,0.5833333333333335,0.1666666666666667,0.14986037756575254,0.3427687109285249,0.3171587255188541,0.161290322580645
243,0.1783447518847563,0.2650622052482748,0.53151406011913,0.6460248654313342,0.5547512822160016,0.5833333333333335,0.1666666666666667,0.11781299576247029,0.3394719975807906,0.3171587255188541,0.161290322580645
244,0.1955469563102944,0.2542232418294375,0.5126402548829478,0.6450840756442625,0.5212501547437125,0.5833333333333335,0.1666666666666667,0.09215007763624761,0.3366978984797553,0.322615219721329,0.161290322580645
245,0.2716368387788652,0.3069002012966945,0.4915154453525417,0.6426308769589865,0.4818121611374666,0.5833333333333335,0.1666666666666667,0.06972190569013437,0.32323496083474423,0.322615219721329,0.161290322580645
246,0.411926698436699,0.4280600544174905,0.4609017869511012,0.6329133520697375,0.5112683161023244,0.5833333333333335,0.1666666666666667,0.037944585821243715,0.3017763027082111,0.382636655948553,0.161290322580645
247,0.5400924217577688,0.5315274461343523,0.4229463914669621,0.6210284380507788,0.5325044705897115,0.5833333333333335,0.1666666666666667,-0.0101236572165333,0.20279302810543728,0.382636655948553,0.161290322580645
248,0.7090602767345536,0.629374950140536,0.3635198780994597,0.6009741342352214,0.6049385940352014,0.5833333333333335,0.1666666666666667,-0.09145176470037819,0.16485741636305315,0.382636655948553,0.161290322580645
249,0.8280465920784484,0.7016698176557105,0.3225862307798864,0.5859214976420712,0.5722856874584694,0.5833333333333335,0.1666666666666667,-0.14468123738777683,0.14031423025546894,0.382636655948553,0.161290322580645
250,0.9111664681145956,0.7309716922166566,0.2810638592602854,0.5669747058543324,0.52526460486273,0.5833333333333335,0.1666666666666667,-0.20257183320413652,0.12958499710449514,0.4481145863782518,0.161290322580645
251,0.942609308464697,0.7523905434700949,0.2416539686937249,0.5473252989091602,0.4822438510186102,0.5833333333333335,0.1666666666666667,-0.2620797736300835,0.11557159915150997,0.4481145863782518,0.161290322580645
252,0.9600429372574604,0.7296021543935577,0.2096897077157502,0.5279021578621444,0.4486170036082036,0.5833333333333335,0.1666666666666667,-0.31562805370885993,0.10816219226446835,0.4546623794212219,0.161290322580645
253,0.959009820098811,0.7330952213140592,0.1793530959966754,0.5097770685466584,0.388350144446279,0.5833333333333335,0.1666666666666667,-0.3636564553750745,0.1006089778758287,0.4546623794212219,0.161290322580645
254,1.0,0.7634409497424347,0.1529990303366117,0.4938670032868099,0.3061504529111813,0.5833333333333335,0.1666666666666667,-0.40123769534618503,0.08872724443627186,0.4481145863782518,0.161290322580645
255,0.965619320439058,0.7685533358789091,0.1328092533591911,0.4777783070547325,0.2212106859655664,0.5833333333333335,0.1666666666666667,-0.4340681989109755,0.08668250702372163,0.4481145863782518,0.161290322580645
256,0.8615584734360803,0.7982389830915423,0.1359606593711041,0.4639522698042205,0.2330666228819129,0.5833333333333335,0.1666666666666667,-0.4338168539271702,0.09997427586979687,0.5266881028938908,0.161290322580645
257,0.7573822969799758,0.8085301701069375,0.1411899155007618,0.4465536131091316,0.2443935203714727,0.5833333333333335,0.1666666666666667,-0.43675506290335364,0.10497619112276568,0.5266881028938908,0.161290322580645
258,0.6005145938961631,0.8033906759123216,0.1727039756198919,0.4315009765159815,0.222999026459026,0.5833333333333335,0.1666666666666667,-0.4059504057781633,0.11395416421398438,0.4626652375848517,0.161290322580645
259,0.4736774556689658,0.7992712192197681,0.1847901371381077,0.4173891297099034,0.2372971306179622,0.5833333333333335,0.1666666666666667,-0.39885471529380456,0.12709861941646672,0.4906752411575561,0.161290322580645
260,0.3857629872573711,0.7977328369202458,0.1961836819504087,0.4029795646167771,0.2423371816608854,0.5833333333333335,0.1666666666666667,-0.3923559001177388,0.13369708724611068,0.4906752411575561,0.161290322580645
261,0.3255569302667606,0.7892956474527332,0.2121831278570439,0.3884747296717953,0.2366443765370951,0.5833333333333335,0.1666666666666667,-0.3791844729425756,0.13993317982136583,0.4906752411575561,0.161290322580645
262,0.2782256716728664,0.8009435927781036,0.2225723784457681,0.3721240413471157,0.2113346780446685,0.5833333333333335,0.1666666666666667,-0.3732545817926475,0.13751026174276007,0.4481145863782518,0.161290322580645
263,0.2563709954590303,0.7921971778187925,0.2305374705637899,0.3571190396798932,0.1957134427505781,0.5833333333333335,0.1666666666666667,-0.37019928882261255,0.13942670597503065,0.4481145863782518,0.161290322580645
264,0.2707226232245452,0.8472488031792328,0.23957611857598,0.3446744152812842,0.2080254283507434,0.5833333333333335,0.1666666666666667,-0.36105078490850406,0.12535752913724293,0.382636655948553,0.161290322580645
265,0.249048850953777,0.8624531321037631,0.2439396038232442,0.3319677987900729,0.2134953414625192,0.5833333333333335,0.1666666666666667,-0.36043484859468333,0.1244339828304997,0.382636655948553,0.161290322580645
266,0.2836851944793934,0.9162308723605462,0.2449785288821167,0.322881436669366,0.2173768572380846,0.5833333333333335,0.1666666666666667,-0.35787608835881446,0.11615622084397889,0.382636655948553,0.161290322580645
267,0.2744203100270028,0.9274050075554032,0.2533245601883918,0.3144976897060925,0.2341741818114837,0.5833333333333335,0.1666666666666667,-0.35118826997511,0.11210008365586732,0.352625937834941,0.161290322580645
268,0.2654626305780736,0.929789742155896,0.2592118021886687,0.3069237364835897,0.2450345053322156,0.5833333333333335,0.1666666666666667,-0.34716493301385276,0.11187524863113388,0.3498976907337034,0.161290322580645
269,0.3129985224051702,0.9599056329770302,0.2579304612827262,0.2965631400943171,0.2448060942432992,0.5833333333333335,0.25,-0.33650104632717315,0.13483930674831904,0.3498976907337034,0.161290322580645
270,0.3240232016323709,0.9646334719458703,0.2545366394237429,0.2850354880198161,0.2482626910166343,0.5833333333333335,0.25,-0.3461339331265635,0.130932231091941,0.3498976907337034,0.161290322580645
271,0.3458288883439941,0.95935359673588,0.2476451031998892,0.2746153479731339,0.2540604887993265,0.5833333333333335,0.25,-0.3607898329664466,0.12639946855348716,0.3498976907337034,0.161290322580645
272,0.3567285422790887,0.9449365632713694,0.2408920903172184,0.2648740056209212,0.2695635056905088,0.5833333333333335,0.25,-0.4125491379264502,0.20478221625754875,0.4186495176848872,0.0230414746543776
273,0.3655147584702722,0.934235270062093,0.2308837789167473,0.2537393416853236,0.2803854472583009,0.5833333333333335,0.25,-0.43279222304199594,0.20078244308187101,0.4186495176848872,0.0230414746543776
274,0.330107595745772,0.9493631155368673,0.2084083668098074,0.2400562092125946,0.2845537438908632,0.5833333333333335,0.25,-0.46705935091437567,0.2057364845568194,0.502679528403001,0.0230414746543776
275,0.3433110320531678,0.9168446762484616,0.1940365701620723,0.2296717953603582,0.2729166199046253,0.5833333333333335,0.25,-0.4940254198268339,0.2030047444439401,0.502679528403001,0.0230414746543776
276,0.2926436393892948,0.8257102892119995,0.1729463914669621,0.22386033439718,0.25059218546949,0.5833333333333335,0.25,-0.5277235850520839,0.2340690067189448,0.7027509824937479,0.0230414746543776
277,0.3148463451917697,0.7564720488812505,0.1469732649951517,0.2195970085266516,0.2142869437386605,0.5833333333333335,0.25,-0.5699647523309821,0.23292567880737916,0.7027509824937479,0.0230414746543776
278,0.3405380221049818,0.65012849219559,0.1270951655353928,0.2256228266565045,0.15775133219157,0.5833333333333335,0.25,-0.6014434711746575,0.23793657069131272,0.7027509824937479,0.0230414746543776
279,0.3490308115902019,0.5963939312028467,0.1226970494528327,0.2278259419806602,0.1394990473554477,0.5833333333333335,0.25,-0.6127053143032881,0.23314631390986776,0.6347266881028939,0.0230414746543776
280,0.3784694199617423,0.5603845549127934,0.1239437595234796,0.2310055732863335,0.144408136822111,0.5833333333333335,0.25,-0.6155552545906773,0.265364899533744,0.502679528403001,0.0230414746543776
281,0.3829078178315155,0.534611762263879,0.1263332871588862,0.2349592721383318,0.1518030636967623,0.5833333333333335,0.25,-0.6128491797889734,0.26796846694510723,0.502679528403001,0.0230414746543776
282,0.3686919318117161,0.496176795657134,0.1362723368887657,0.2396274948792455,0.1723196066157833,0.5833333333333335,0.25,-0.6014256360676431,0.27424780529283177,0.502679528403001,0.0230414746543776
283,0.4069856478619271,0.515319538171631,0.151994736113035,0.2443314438146048,0.2093385582583112,0.5833333333333335,0.25,-0.5766471323158437,0.27120993674277993,0.4906752411575561,0.0230414746543776
284,0.4266460026224693,0.5142607748722242,0.1748164565729325,0.2475587100462059,0.2374857356978974,0.5833333333333335,0.25,-0.5466931582138983,0.1677937877484886,0.4906752411575561,0.0230414746543776
285,0.5119607104192251,0.5725758231749111,0.1768596758553816,0.2448197018053636,0.2372554410320038,0.5833333333333335,0.25,-0.5444419226896198,0.1688302543563067,0.4906752411575561,0.0
286,0.5093785554067441,0.5584507822223804,0.1866255714087824,0.2412828085552327,0.2337004843133816,0.5833333333333335,0.25,-0.5338943362038088,0.1716100993318694,0.4906752411575561,0.0
287,0.4901830906099116,0.5537020313229738,0.1979498545504918,0.2391154194255227,0.213877163670159,0.5833333333333335,0.375,-0.49943613689442945,0.22112524437620054,0.4808535515931014,0.0
288,0.4993466790603302,0.5733549862174888,0.206018839174401,0.2370790263421139,0.2032839008883679,0.5833333333333335,0.375,-0.4866351372089329,0.22167622050196437,0.4906752411575561,0.0
289,0.4530748184517938,0.5807591650408285,0.2043219282449092,0.2345424665364646,0.2032951125125955,0.5833333333333335,0.375,-0.4914884873612505,0.28548437579061936,0.4153756211634025,0.0
290,0.4296131845039059,0.5936612453132103,0.2051184374567115,0.2340780260086695,0.2043036966475256,0.5833333333333335,0.375,-0.490018157977235,0.28632188346550136,0.4153756211634025,0.0
291,0.4229455091297804,0.608517235690624,0.2017246155977282,0.2313628352307912,0.2045487754569158,0.5833333333333335,0.375,-0.4968999429721388,0.276815402177361,0.352625937834941,0.0
292,0.4074280843037888,0.5942248992935638,0.1961836819504087,0.2305530414900204,0.2020304379900952,0.5833333333333335,0.375,-0.5087283638515799,0.2695657155128459,0.2844197603040046,0.0
293,0.3765820483582519,0.6065443499448931,0.1861061088793462,0.2290525413232982,0.1789254956352428,0.5833333333333335,0.375,-0.5220967193632859,0.2693545928181007,0.2844197603040046,0.0
294,0.3299450628660338,0.5592030308358032,0.1729810223022579,0.2246582194064688,0.1282641745410943,0.5833333333333335,0.375,-0.546521971872427,0.2720483224312542,0.262593783494105,0.0
295,0.2275401630993208,0.5562534804810363,0.1738467931846515,0.2207164292859523,0.1269527206433726,0.5833333333333335,0.375,-0.5433211993217806,0.2674982941944474,0.262593783494105,0.0230414746543776
296,0.2039757022275168,0.4979614740277694,0.1689638454079512,0.2151431429524126,0.128736903971054,0.5833333333333335,0.375,-0.5585368979318794,0.27191653461065024,0.262593783494105,0.0230414746543776
297,0.1970577211155215,0.4949937225482502,0.1676478736667128,0.2096532177392464,0.1287619770064066,0.5833333333333335,0.375,-0.5633970497909995,0.2715031468326883,0.262593783494105,0.0230414746543776
298,0.1613237065559434,0.4943268643179729,0.1642540518077295,0.2044252846186823,0.124548890027298,0.5833333333333335,0.375,-0.5712852300593048,0.2728630894151689,0.262593783494105,0.0230414746543776
299,0.1488398035623022,0.4561836965942208,0.161171907466408,0.2012694707759729,0.1223595777303152,0.5833333333333335,0.375,-0.5817191653208698,0.22848653858433446,0.262593783494105,0.0230414746543776
300,0.1263469880514093,0.4436502859125618,0.1542111095719629,0.1995784309055399,0.0953183440928746,0.5833333333333335,0.375,-0.5927959047853638,0.23029176905369877,0.262593783494105,0.0230414746543776
301,0.1489556433227435,0.4591156267111961,0.1578473472780164,0.200483494498166,0.1115866300838639,0.5833333333333335,0.375,-0.5866431363783682,0.22549027085755555,0.2441256492703438,0.0230414746543776
302,0.1620011395162336,0.4464517100924848,0.1605485524310846,0.2029247844519601,0.1181644693499793,0.5833333333333335,0.375,-0.5842142414733821,0.22113451202817466,0.202572347266881,0.0230414746543776
303,0.1430312305525071,0.4377078123100014,0.161864524172323,0.2053184394798266,0.1215947348702006,0.5833333333333335,0.375,-0.5825901246763092,0.22383414510985525,0.202572347266881,0.0230414746543776
304,0.1799828383650059,0.4452775439169903,0.1719074664080897,0.2121064164245224,0.1594704753327165,0.5833333333333335,0.375,-0.5653325873435391,0.22246371064157158,0.202572347266881,0.0230414746543776
305,0.1784886585475071,0.4311743830399598,0.1819157778085607,0.2165483732672796,0.1817747041789671,0.5833333333333335,0.375,-0.5510515095529868,0.22748930942649273,0.2164234479347018,0.0230414746543776
306,0.2263883994899987,0.4476822223031161,0.1947984485385788,0.2226575525175058,0.1989222950476795,0.5833333333333335,0.375,-0.528436423788777,0.22563389400929643,0.2164234479347018,0.0230414746543776
307,0.2379129247319673,0.4366110977291969,0.203940989056656,0.2292430810270089,0.2062825220954254,0.5833333333333335,0.375,-0.5146169953686677,0.22492952641144595,0.1887212465990602,0.0230414746543776
308,0.2531945875785586,0.4280443704695656,0.2083044743039201,0.2323512599437907,0.2042704624423058,0.5833333333333335,0.375,-0.5074799823523306,0.22588070772807325,0.1887212465990602,0.0230414746543776
309,0.2631374152985539,0.3910015962773664,0.2150574871865909,0.2330300576382603,0.1997426400294379,0.5833333333333335,0.375,-0.4494715144762784,0.13221920527994332,0.1887212465990602,0.2073732718894008
310,0.3808954209359189,0.4454913103183336,0.2247194902341043,0.2342328395179345,0.1952169765374688,0.5833333333333335,0.375,-0.42697356955445565,0.12460885153468387,0.2164234479347018,0.2073732718894008
311,0.4311219080798742,0.495703953671554,0.2345200166228009,0.2376863716476921,0.2149961913511632,0.5833333333333335,0.375,-0.40688268132500505,0.11879807118985136,0.2164234479347018,0.2073732718894008
312,0.4489668445683017,0.507370100121676,0.2386757168582907,0.2381389034440051,0.2121208876959618,0.5833333333333335,0.375,-0.3988586669288796,0.11949573900175367,0.232583065380493,0.2073732718894008
313,0.4503832025203057,0.47064100488797,0.2423812162349354,0.2364002286476444,0.206897461307503,0.5833333333333335,0.375,-0.39767512414185435,0.12287243636219258,0.232583065380493,0.2073732718894008
314,0.4373320929463538,0.453386919509979,0.2430738329408506,0.2355785261753918,0.2084911811270128,0.5833333333333335,0.375,-0.39901407448465276,0.12518077808103661,0.232583065380493,0.2073732718894008
315,0.432223916726011,0.3706643565437689,0.2404765202936694,0.2384247129995712,0.2061805205236631,0.5833333333333335,0.375,-0.41268766306446447,0.11731891199388902,0.112540192926045,0.2073732718894008
316,0.3879445510277971,0.3555293467964858,0.2373251142817564,0.2400919354070403,0.2015542993042445,0.5833333333333335,0.375,-0.4184218818003079,0.12167158686120702,0.112540192926045,0.2073732718894008
317,0.385047281248477,0.35682646737855,0.2388142401994736,0.2432953841756776,0.2041510138520504,1.0,0.1666666666666667,-0.4654138585994495,0.29411575689148717,0.0779124412564926,0.2073732718894008
318,0.3678986590909844,0.3282921381209777,0.2430045712702589,0.245069785166484,0.2006944319927129,1.0,0.1666666666666667,-0.4616258623127597,0.2988998326035285,0.0779124412564926,0.2073732718894008
319,0.3623424330483181,0.3221473222272909,0.2493420141293808,0.2485114085647596,0.2055007384273837,1.0,0.1666666666666667,-0.45210173988627744,0.30151083221169417,0.0779124412564926,0.2073732718894008
320,0.2270252630187686,0.2917529929232477,0.2503116775176617,0.2497737341018434,0.2063147874072421,1.0,0.1666666666666667,-0.456097529374341,0.31414315027103956,0.0739549839228295,0.2073732718894008
321,0.1272032837255086,0.2712734358844081,0.2442512813409059,0.2523102939074929,0.1894053708443157,1.0,0.1666666666666667,-0.4667201450851769,0.3230794137802644,0.0739549839228295,0.2073732718894008
322,0.0863309848140197,0.2636984762947775,0.2443898046820889,0.2547158576668413,0.1893078380488977,1.0,0.1666666666666667,-0.46697534350526515,0.3272307660739414,0.0739549839228295,0.2073732718894008
323,0.1168443003903595,0.2735332797884641,0.2472295331763402,0.2574191397132377,0.1889729656044468,1.0,0.1666666666666667,-0.413135374886927,0.23586659016565423,0.0739549839228295,0.3763440860215055
324,0.1048707047114377,0.282584273143892,0.2438010804820611,0.2599318820559233,0.1841355259566618,1.0,0.1666666666666667,-0.41508383925646,0.2391035670789646,0.0996784565916397,0.3763440860215055
325,0.1285591702607185,0.2955504446108791,0.2374982684582351,0.2603129614633449,0.2029303198552741,1.0,0.1666666666666667,-0.4225360447961277,0.2345320383038875,0.0996784565916397,0.3763440860215055
326,0.1170754696039275,0.2895831864980184,0.2334118298933372,0.2622540846948983,0.2056918700066397,0.1666666666666667,1.0,-0.26661437471205696,-0.19790638963060736,0.0996784565916397,0.3763440860215055
327,0.1117562813089484,0.2920935863108952,0.222849425128134,0.2622779021578622,0.2095865021238363,0.1666666666666667,1.0,-0.2820274441287167,-0.20308537160064177,0.0739549839228295,0.3763440860215055
328,0.1200051438977322,0.2969366345268366,0.2183474165396869,0.2636712237412471,0.2065978828031732,0.1666666666666667,1.0,-0.27575275628950124,-0.5822277138793637,0.0739549839228295,0.3763440860215055
329,0.1440676647087024,0.3185258792885915,0.2129103753982546,0.2663030533987519,0.192265815241269,0.1666666666666667,1.0,-0.2799091099902843,-0.5893764073791955,0.0465166130760985,0.3763440860215055
330,0.1523435735851665,0.3114810758646115,0.2082352126333286,0.2683513552136425,0.182586715725168,0.1666666666666667,1.0,-0.2854729607377816,-0.5897769044717813,0.0465166130760985,0.3763440860215055
331,0.1643153831884867,0.2829295136272208,0.2052915916331902,0.2686252560377269,0.1770053606247332,0.1666666666666667,1.0,-0.2922931340074364,-0.591790154996682,0.022508038585209,0.3763440860215055
332,0.1533111162538747,0.257103860264931,0.2028328023271921,0.2692564188062686,0.1725165183699128,0.1666666666666667,0.375,-0.3997876335629217,-0.821174733259584,0.022508038585209,0.3763440860215055
333,0.1187383059889409,0.2550980575914566,0.1994389804682088,0.2703401133711237,0.1612518473360328,0.1666666666666667,0.375,-0.33862526546294114,-0.9435488041127622,0.022508038585209,0.612903225806452
334,0.1293287136913155,0.244144272183492,0.2002701205153068,0.2696851331396179,0.1643789951552345,0.1666666666666667,0.375,-0.3393985686828642,-0.9462991249034501,0.0,0.612903225806452
335,0.0993775016221392,0.2355151963901361,0.2079927967862584,0.2692802362692326,0.1713858006863313,0.1666666666666667,0.375,-0.3299073439666682,-0.9392832411017789,0.022508038585209,0.612903225806452
336,0.1091774432940132,0.2006350643506572,0.2157154730572101,0.2694469585099794,0.1875525091447609,0.1666666666666667,0.375,-0.32267593383694815,-0.9361866680132038,0.022508038585209,0.612903225806452
337,0.103741139470306,0.1902743645290284,0.2258276769635683,0.2698042204544372,0.1835406607606632,0.1666666666666667,0.375,-0.3086433273031868,-0.92959282847521,0.0482315112540192,0.612903225806452
338,0.0870193893815763,0.170830916198149,0.2314378722814793,0.2716262563711713,0.1850934362685941,0.1666666666666667,0.375,-0.24832550031429612,-1.027678473278721,0.0482315112540192,0.806451612903226
339,0.0583472625967446,0.1631163501090903,0.2328577365286049,0.2724241413804601,0.1859461583078503,0.1666666666666667,0.375,-0.24729145424720678,-1.0242435542229555,0.0502102399208508,0.806451612903226
340,0.0653923102301051,0.0720545739426502,0.2394722260700927,0.2734244748249417,0.1942756793299936,0.1666666666666667,0.375,-0.2460219252631679,-1.0163896107647439,0.0502102399208508,0.806451612903226
341,0.0582929148677268,0.0,0.2458442997645102,0.2725194112323155,0.1983876492950823,0.1666666666666667,0.375,-0.2411028161638683,-0.9967818056273515,0.1511254019292605,0.806451612903226
342,0.1568692340057566,0.0354391389241507,0.2557140878237983,0.2751155146953745,0.2109238976470181,0.1666666666666667,0.375,-0.21559800118147388,-0.7237809521244712,0.1333168439277763,0.806451612903226
343,0.1775815872955929,0.0480765283716807,0.2689776977420695,0.2794860191492402,0.2416530165556871,0.1666666666666667,0.375,-0.17787606445957937,-0.7620812531437396,0.0996784565916397,0.8709677419354835
344,0.1536206176402521,0.0288435547493702,0.279747887519047,0.2822964797789739,0.2626957076105953,0.1666666666666667,0.375,-0.16628655306658147,-0.8275839110229485,0.0996784565916397,0.8709677419354835
345,0.2490146603636908,0.0964828069077526,0.2992796786258483,0.2895012623255371,0.3183250892665249,0.1666666666666667,0.375,-0.12967845785665066,-0.8366747091190027,0.0996784565916397,0.8709677419354835
346,0.3522513610533967,0.1735484990268206,0.3286119961213464,0.3008383746963273,0.4157125339566859,0.1666666666666667,0.25,-0.09844048591859622,-0.8920533231216821,0.0996784565916397,0.8709677419354835
347,0.4210127201752801,0.2175675319816995,0.3625848455464745,0.3123660267708283,0.4916888179112576,0.1666666666666667,0.25,-0.04331980259974488,-0.8942254030023707,0.0996784565916397,0.8709677419354835
348,0.4478656013831368,0.2315155960403646,0.3940296439950131,0.3235602343638356,0.5333512711090603,0.1666666666666667,0.25,0.00571671828426612,-0.8904076035534945,0.0996784565916397,0.8709677419354835
